{
    "replacements": {
        "590361629": [
            {
                "_description": "Level 28 hurty"
            }
        ],
        "-427601082": [
            {
                "_description": "Level 72 Rustler's Triquetra",
                "WeaponTypeDefinition": "GD_Weap_Shotgun.A_Weapons.WT_Jakobs_Shotgun",
                "BalanceDefinition": "GD_Weap_Shotgun.A_Weapons_Unique.SG_Jakobs_3_Triquetra",
                "ManufacturerDefinition": "GD_Manufacturers.Manufacturers.Jakobs",
                "BodyPartDefinition": "GD_Weap_Shotgun.Body.SG_Body_Jakobs_3",
                "GripPartDefinition": "GD_Weap_Shotgun.Grip.SG_Grip_Jakobs",
                "BarrelPartDefinition": "GD_Weap_Shotgun.Barrel.SG_Barrel_Bandit_Triquetra",
                "SightPartDefinition": "GD_Weap_Shotgun.Sight.SG_Sight_Jakobs",
                "StockPartDefinition": "GD_Weap_Shotgun.Stock.SG_Stock_Jakobs",
                "ElementalPartDefinition": null,
                "Accessory1PartDefinition": "GD_Weap_Shotgun.Accessory.SG_Accessory_VerticalGrip",
                "MaterialPartDefinition": "GD_Weap_Shotgun.ManufacturerMaterials.Mat_Jakobs_3_Triquetra",
                "PrefixPartDefinition": "GD_Weap_Shotgun.Name.Prefix_Jakobs.Prefix_VerticalGrip_Stability",
                "TitlePartDefinition": "GD_Weap_Shotgun.Name.Title.Title__Unique_Triquetra"
            }
        ],
        "-2121268519": [
            {
                "_description": "Level 72 Practicable Butcher"
            }
        ]
    },
    "new_items": {}
}