{
    "replacements": {},
    "new_items": {
        "601904617": [
            {
                "_description": "Level 48 3DD1.E",
                "ItemDefinition": "GD_MoonItems.A_Item_Unique.MoonItem_Astrotech",
                "BalanceDefinition": "GD_MoonItems.A_Item_Unique.A_Astrotech",
                "ManufacturerDefinition": "GD_Manufacturers.Manufacturers.Hyperion",
                "ManufacturerGradeIndex": 48,
                "AlphaItemPartDefinition": "GD_MoonItems.EnableSpecial.EnableSpecial_ElementNone",
                "BetaItemPartDefinition": null,
                "GammaItemPartDefinition": null,
                "DeltaItemPartDefinition": null,
                "EpsilonItemPartDefinition": null,
                "ZetaItemPartDefinition": null,
                "EtaItemPartDefinition": "GD_MoonItems.Body.Body_Astrotech",
                "ThetaItemPartDefinition": "GD_MoonItems.Upgrade.Upgrade_Grade15",
                "MaterialItemPartDefinition": null,
                "PrefixItemNamePartDefinition": null,
                "TitleItemNamePartDefinition": "GD_MoonItems.Titles.Title_Unique_Astrotech",
                "GameStage": 48
            }
        ],
        "1524647569": [
            {
                "_description": "Level 45 CEO of all CEOs Class Mod",
                "ItemDefinition": "GD_Quince_ClassMods.A_Item_Doppelganger.ClassMod_Doppelganger_CEO",
                "BalanceDefinition": "GD_Quince_ItemGrades.ClassMods.BalDef_ClassMod_Doppelganger_03_Rare",
                "ManufacturerDefinition": "GD_Manufacturers.Manufacturers.Hyperion",
                "ManufacturerGradeIndex": 45,
                "AlphaItemPartDefinition": "GD_Cork_ClassMods.Specialization.Spec_AS3_BS2",
                "BetaItemPartDefinition": "GD_Cork_ClassMods.StatPrimary.PrimaryStat_A4_B0_C0",
                "GammaItemPartDefinition": "GD_Cork_ClassMods.StatPrimary02.PrimaryStat02_A0_B5_C0",
                "DeltaItemPartDefinition": null,
                "EpsilonItemPartDefinition": null,
                "ZetaItemPartDefinition": null,
                "EtaItemPartDefinition": null,
                "ThetaItemPartDefinition": null,
                "MaterialItemPartDefinition": "GD_Cork_ClassMods.StatPenalty.StatPenalty_A0_B0_C0",
                "PrefixItemNamePartDefinition": "GD_Quince_ClassMods.Prefix_Doppelganger.Prefix_CEO_03_CEOofAllCEOs",
                "TitleItemNamePartDefinition": "GD_Cork_ClassMods.Title.Title_ClassMod",
                "GameStage": 45
            }
        ],
        "572160459": [
            {
                "_description": "Level 46 Longbow MIRV",
                "ItemDefinition": "GD_GrenadeMods.A_Item.GrenadeMod_Standard",
                "BalanceDefinition": "GD_GrenadeMods.A_Item.GM_Mirv_4_VeryRare",
                "ManufacturerDefinition": "GD_Manufacturers.Manufacturers.Torgue",
                "ManufacturerGradeIndex": 46,
                "AlphaItemPartDefinition": "GD_GrenadeMods.Payload.Payload_Mirv_AirMask",
                "BetaItemPartDefinition": "GD_GrenadeMods.Delivery.Delivery_LongBow",
                "GammaItemPartDefinition": "GD_GrenadeMods.Trigger.Trigger_Grade4",
                "DeltaItemPartDefinition": "GD_GrenadeMods.Accessory.Accessory_Explosive",
                "EpsilonItemPartDefinition": "GD_GrenadeMods.Damage.Damage_Grade7",
                "ZetaItemPartDefinition": "GD_GrenadeMods.DamageRadius.DamageRadius_ExtraLarge",
                "EtaItemPartDefinition": "GD_GrenadeMods.ChildCount.ChildCount_Grade5",
                "ThetaItemPartDefinition": "GD_GrenadeMods.StatusDamage.StatusDamage_Grade4",
                "MaterialItemPartDefinition": "GD_GrenadeMods.Material.Material_Torgue_4_VeryRare",
                "PrefixItemNamePartDefinition": "GD_GrenadeMods.Prefix.Prefix_Longbow",
                "TitleItemNamePartDefinition": "GD_GrenadeMods.Title.Title_MirvExplosive",
                "GameStage": 46
            }
        ],
        "1525760504": [
            {
                "_description": "Level 48 Adaptive Shield",
                "ItemDefinition": "GD_Shields.A_Item.Shield_Chimera",
                "BalanceDefinition": "GD_ItemGrades.Shields.ItemGrade_Gear_Shield_Chimera_04_VeryRare",
                "ManufacturerDefinition": "GD_Manufacturers.Manufacturers.Anshin",
                "ManufacturerGradeIndex": 48,
                "AlphaItemPartDefinition": "GD_Shields.Body.Body3_Vladof",
                "BetaItemPartDefinition": "GD_Shields.Battery.Battery4_Dahl",
                "GammaItemPartDefinition": "GD_Shields.Capacitor.Capacitor5_Anshin",
                "DeltaItemPartDefinition": "GD_Shields.Accessory.Accessory5_Chimera",
                "EpsilonItemPartDefinition": null,
                "ZetaItemPartDefinition": null,
                "EtaItemPartDefinition": null,
                "ThetaItemPartDefinition": null,
                "MaterialItemPartDefinition": "GD_Shields.Material.Material4_VeryRare_Chimera",
                "PrefixItemNamePartDefinition": null,
                "TitleItemNamePartDefinition": "GD_Shields.Titles.Title_Chimera01_ChimeraShield",
                "GameStage": 48
            }
        ],
        "1560125504": [
            {
                "_description": "Level 46 Well Kept Quad",
                "WeaponTypeDefinition": "GD_Weap_Shotgun.A_Weapons.WT_Jakobs_Shotgun",
                "BalanceDefinition": "GD_Ma_Weapons.A_Weapons.SG_Jakobs_6_Glitch",
                "ManufacturerDefinition": "GD_Manufacturers.Manufacturers.Jakobs",
                "ManufacturerGradeIndex": 46,
                "BodyPartDefinition": "GD_Weap_Shotgun.Body.SG_Body_Jakobs_4",
                "GripPartDefinition": "GD_Weap_Shotgun.Grip.SG_Grip_Jakobs",
                "BarrelPartDefinition": "GD_Weap_Shotgun.Barrel.SG_Barrel_Torgue",
                "SightPartDefinition": "GD_Weap_Shotgun.Sight.SG_Sight_Torgue",
                "StockPartDefinition": "GD_Weap_Shotgun.Stock.SG_Stock_Hyperion",
                "ElementalPartDefinition": null,
                "Accessory1PartDefinition": "GD_Weap_Shotgun.Accessory.SG_Accessory_ShotgunShell",
                "Accessory2PartDefinition": "GD_Ma_Weapons.Glitch_Attachments.Glitch_Attachment_0421",
                "MaterialPartDefinition": "GD_Ma_Weapons.Materials.Mat_SG_Jakobs_6_Glitch",
                "PrefixPartDefinition": "GD_Weap_Shotgun.Name.Prefix_Jakobs.Prefix_ShotgunShell_GeneralBoost",
                "TitlePartDefinition": "GD_Weap_Shotgun.Name.Title_Jakobs.Title_Barrel_Torgue_QuadBarrel",
                "GameStage": 46
            }
        ],
        "1235640720": [
            {
                "_description": "Level 37 Casual Moonscaper",
                "WeaponTypeDefinition": "GD_Weap_Shotgun.A_Weapons.WT_Torgue_Shotgun",
                "BalanceDefinition": "GD_Cypressure_Weapons.A_Weapons_Unique.SG_Torgue_3_Landscaper2",
                "ManufacturerDefinition": "GD_Manufacturers.Manufacturers.Torgue",
                "ManufacturerGradeIndex": 37,
                "BodyPartDefinition": "GD_Weap_Shotgun.Body.SG_Body_Torgue_3",
                "GripPartDefinition": "GD_Weap_Shotgun.Grip.SG_Grip_Hyperion",
                "BarrelPartDefinition": "GD_Cypressure_Weapons.A_Weapons_Unique.SG_Barrel_Jakobs_Landscaper2",
                "SightPartDefinition": "GD_Weap_Shotgun.Sight.SG_Sight_Torgue",
                "StockPartDefinition": "GD_Weap_Shotgun.Stock.SG_Stock_Bandit",
                "ElementalPartDefinition": null,
                "Accessory1PartDefinition": "GD_Weap_Shotgun.Accessory.SG_Accessory_VerticalGrip",
                "Accessory2PartDefinition": "GD_Weap_Accessories.Moonstone.Moonstone_Attachment_None",
                "MaterialPartDefinition": "GD_Cypressure_Weapons.ManufacturerMaterials.Shotgun.Mat_Torgue_3_Landscaper2",
                "PrefixPartDefinition": "GD_Weap_Shotgun.Name.Prefix_Torgue.Prefix_VerticalGrip_Stability",
                "TitlePartDefinition": "GD_Cypressure_Weapons.Name.Title.Title__Unique_Landscaper2",
                "GameStage": 37
            }
        ],
        "2006536300": [
            {
                "_description": "Level 46 Absolute Zero",
                "WeaponTypeDefinition": "GD_Cork_Weap_Lasers.A_Weapons.WT_Maliwan_Laser",
                "BalanceDefinition": "GD_Ma_Weapons.A_Weapons_Legendary.Laser_Maliwan_5_FusionBeam",
                "ManufacturerDefinition": "GD_Manufacturers.Manufacturers.Maliwan",
                "ManufacturerGradeIndex": 46,
                "BodyPartDefinition": "GD_Cork_Weap_Lasers.Body.Laser_Body_Maliwan_4",
                "GripPartDefinition": "GD_Cork_Weap_Lasers.FrontGrip.Laser_FrontGrip_Tediore",
                "BarrelPartDefinition": "GD_Ma_Weapons.Barrel.Laser_Barrel_Maliwan_5_FusionBeam",
                "SightPartDefinition": "GD_Cork_Weap_Lasers.Sight.Laser_Sight_Dahl",
                "StockPartDefinition": "GD_Cork_Weap_Lasers.Stock.Laser_Stock_Tediore",
                "ElementalPartDefinition": "GD_Cork_Weap_Lasers.elemental.Laser_Elemental_Ice",
                "Accessory1PartDefinition": null,
                "Accessory2PartDefinition": "GD_Weap_Accessories.Moonstone.Moonstone_Attachment_None",
                "MaterialPartDefinition": "GD_Ma_Weapons.Materials.Mat_Laser_Maliwan_5_FusionBeam",
                "PrefixPartDefinition": "GD_Ma_Weapons.Name.Prefix.Prefix_FusionBeam",
                "TitlePartDefinition": "GD_Ma_Weapons.Name.Title.Title__Legendary_Laser_Maliwan_5_FusionBeam",
                "GameStage": 46
            }
        ],
        "114954969": [
            {
                "_description": "Level 6 Core Logan's Gun",
                "WeaponTypeDefinition": "GD_Weap_Pistol.A_Weapons.WeaponType_Hyperion_Pistol",
                "BalanceDefinition": "GD_Weap_Pistol.A_Weapons_Legendary.Pistol_Hyperion_5_LogansGun",
                "ManufacturerDefinition": "GD_Manufacturers.Manufacturers.Hyperion",
                "ManufacturerGradeIndex": 6,
                "BodyPartDefinition": "GD_Weap_Pistol.Body.Pistol_Body_Hyperion_4",
                "GripPartDefinition": "GD_Weap_Pistol.Grip.Pistol_Grip_Jakobs",
                "BarrelPartDefinition": "GD_Weap_Pistol.Barrel.Pistol_Barrel_Hyperion_LogansGun",
                "SightPartDefinition": "GD_Weap_Pistol.Sight.Pistol_Sight_Jakobs",
                "StockPartDefinition": null,
                "ElementalPartDefinition": "GD_Weap_Pistol.elemental.Pistol_Elemental_Fire",
                "Accessory1PartDefinition": "GD_Weap_Pistol.Accessory.Pistol_Accessory_Stock_Stability",
                "Accessory2PartDefinition": "GD_Weap_Accessories.Moonstone.Moonstone_Attachment_None",
                "MaterialPartDefinition": "GD_Weap_Pistol.ManufacturerMaterials.Mat_Hyperion_5_Legendary",
                "PrefixPartDefinition": "GD_Weap_Pistol.Name.Prefix_Hyperion.Prefix_Stock_Stability",
                "TitlePartDefinition": "GD_Weap_Pistol.Name.Title_Hyperion.Title_Legendary_LogansGun",
                "GameStage": 6
            }
        ],
        "-727029772": [
            {
                "_description": "Level 0",
                "ItemDefinition": "GD_QuincePackageDef.IntroEchos.ID_DoppelgangerIntroECHO",
                "BalanceDefinition": "GD_QuincePackageDef.IntroEchos.BD_DoppelgangerIntroEcho",
                "ManufacturerDefinition": null,
                "ManufacturerGradeIndex": 0,
                "AlphaItemPartDefinition": null,
                "BetaItemPartDefinition": null,
                "GammaItemPartDefinition": null,
                "DeltaItemPartDefinition": null,
                "EpsilonItemPartDefinition": null,
                "ZetaItemPartDefinition": null,
                "EtaItemPartDefinition": null,
                "ThetaItemPartDefinition": null,
                "MaterialItemPartDefinition": null,
                "PrefixItemNamePartDefinition": null,
                "TitleItemNamePartDefinition": null,
                "GameStage": 0
            }
        ]
    }
}